title,id
cristallographie-c,1fFtI-OQtyR8kPih4QevItrV-NkRJsIFh
structure_molecules,1sjWBtnNIkgP71qxpCLvb_7bRTd-9GgZk
structure_molecules-c,1ynFPeGXsjh7XS6O4H3k5zfnkb_fRFwRt
structure_des_atomes,1mRvR1nulmFE4NDAvGd648nvHonTb_oku
structure_des_atomes-c,17Np12CspeGdZrmNZMtQJ0CKByUMJiNrN
precipites-c,1TXNsJR0KondyUbErriUMqdID6ddSglJx
precipités,1scEyKWpsHT1JnDDasqK0dPO_Q-12FbIH
oxydoreduction,1WqVrBF86LlxXAcgNN0iOyoKobFZCHxL-
oxydoreduction-c,1dBAgt8-krrxVwXoGXdDeOnTWfhc03IP2
dosage_acido_basique,1DKJsx-_fqh4UrTHIl_TObcsnWY0WIkzS
cristallographie,1cmgwVStUws3LkYoYS9TF2gBDYk-CGvDp
dosage_acido_basique-c,1-IK4bTE4Pv0_MqYAcuOsTA4VkV54fEeY
equilibre_acido_basique,1RGozqOGVeH6Dod44I1owtPNIGzJiuWuN
equilibre_acido_basique-c,192cI_-HJyZaRfuMrW5zpsjU9wo92S8g3
cinetique,1YrhC__OuRRDplrmwlUSG6RKA_SELcvk6
complexes,1UFzjE09xbdNgc7TvrN9-4Z-7YkZfDd8-
complexes-c,141ql_PopzqvxAyoVZTH3YmIlOhy-EZ67
cinetique-c,1W-gN7SpToLWG2JehjNn7QSXG6G4p0CL2