title,id
cristallographie,1q7VQeq6KTWYB51xPXyuj2qXgYXJQoXQT
structure_des_molecules,1BnlPYvDETktTSCp4yxUVzKbY-AKne6UC
structure_des_molecules,1602BCjz3LUwUr_lwHHN1Wp0IaCEdwreV
structure_des_atomes_complet,1XNODRIesQo1rMkqmpXQki6yPDrOQ0_aL
reactions_en_solution_aqueuse,1MNmZJ4nTir7qzurlwtrH3k8TMKLYCGi1
diagrammes_e-ph-2,1G4zdaA3sWQoIpYVW6e0z0UphcQeKjUDj
reactions_en_solution_aqueuse,1Q2vkgpIUQQsN65rFPD2ZSoXv9KOyuX9p
diagrammes_e-ph_-_resume,1tlTkn6bh9wW991r4QBFduB5tvcIrdkSb
classification_periodique,1oG-YRCrSs1cZCXScC0Y39Vsh8_wIi0XG
cinetique,1SfX1Zpt55xvwHEdnAMqzZsqtR-KJa6EN
oxydoreduction,1_4qYmchSZ_rmgdJp_f3yPSNA6sKD9Mk9
dosages_acido-basiques,1HliywYk_Vk291KQLv43fqGrC-zpJiE13
constituants_des_atomes,1VSH_PJHC4X1LZLBZtsaj_LuIYYWJRT3q
reactions_de_complexation,1fXxrdmEhe9DtSSrl4fGc78J9d9LIjDpt
thermochimie,15pBCsAVC927A7ZXmDkde20AVxHZxU8cw
reactions_acido-basiques,1KpxYIIVBquJBAvZmrxjw5HOc5jRcDLCY