title,id
aide python,1c39AOFvtrtE9EdsEsgd7L22vtlpnGMnr
algorithmique,1TEmBwM0lfpocOiroJs-QSIUCKF6RT5xS
bases de donnees,13qjh9KJmp58urieIVZVCRbNOHQTRkWrS
bases de graphes,1jyw4H7sKdhZ7twPRi3t_-dsweRBHnOm9
boîte à outils,1Wi-B1lpzC9haANswZMvCdlaXRrdOVndT
codes correcteurs d erreurs,18JX_g_z1DybtimI_pb84huqtlxPT7PqE
commentaires,1O8_SGtxbkF99axN2q2iW_uGfT7SfnYSn
cryptographie,1iLJxRY-ONRdXjO35FbfG2ZDzmaap-xde
derivation euler,10h1oV942DTLSska0AEqpSKQ1N0Iq5VXy
dictionnaires,13ZEzxr466IeoUiaiZ0dM7oMfU5-i5Qti
dictionnaires et programmation dynamique - resume,1CJuQwwyfiUlUQ_aYOdJC-7A7YDPLPyr6
fichiers,1T12V4w4TpxEBi8nX9Cc1lGHphKcLtUOx
fonctions,1lDpb0H6QOhe_zpKilgtLNYhID5GniWIV
fonctions recursives,1RVwW8Lfs74wCyknYK1wdYfdcvVQxDM2H
for if while,1mOAErExWV9m_ogYRQRUTT-xxpd6OP77C
generation de sons,1eexMNqNdhuZbivTNc0UGfgGjIOQfxUDZ
generation exe,1ZN0Kuu67eTTja12FG2uUeVD2qwLAz_0R
images,1bksVgn_JbDfkAp2H_QjNbu2xv32SDnIu
integration,12CW7iMnIwackwsh7yzENKPmSrBAkdtzn
intelligence artificielle - resume,1_XzaqY8rlaB7imEdJVXis1wjN86C5nqF
librairies,19deimrLRcXa-oKG6DnKMuJrBLifWQdOM
listes,139CVd-Ekd_bEtnnHmqXrXDrhSk-ZdppA
logiciel,1m567GPWOl7GJmFy9O-9DVD4nKrwxq3E2
matplotlib,1b8Z42pLiv7hXkFlCxBz3t3de_92J3GpS
newdicho,13_KmO9nW68pUz4cqY0OmNLzMr6kIVIn1
numpy - array,1-FaHCsVu8m3HG_Sgf9a0KwzJisF6kv3T
ordinateur,1AHRcrukXYwCrmGDNCGSIn4BIbeKLgOdJ
print,1VzW6ov4EGHhza1R9wJ_YujuO4f_xUQi3
programmation objet,1PVH4tC0tPU3MJyArYi1UCmvgYvpDyWp5
quelques erreurs,1zelx7hu-aOWDZoPOiM7h-t7raRTN9c2O
redaction,1u7LT3H3cIsTD6SGVMdBiz7_NE_M1v9y_
representation des nombres,109beFdp5VdF_HcPVRqQsu076PdmwxnOY
syslin,1vQbbkTI17826X7gvgYpnATBbdG3aOXcs
tris,1UgoAnK_i7X_QhBcSGK_xj7zVeLNUU1Af
variables,1jhWfyxTgRiNlPDByoCG1XIYkWL5Qtb0L
