title,id
chiffrement cesar.py,1ESwJ7aJUZc8AfpenbNR0RHi85DmvKlSL
cnc 2013 python,1yZcllJYKa4FT420WwTkqHihHP_JQzxuL-MHC16Q1Ruw
cnc blanc,1CJWzTypLyBNyJuQrf7lVBm63vE3W2Jpphi3EWDGFSKQ
codage reed solomon,1NAELChOl7UcYXyqnJxOVo9Jkvyj2VJDP
correction devoir surveille 2,1Y8ql7JWUG9bLuvqkgBOcVxD5gZ2OPTfrLPBXVnh6B5k
correction devoir surveille 2,1t4E-OqXNpDSwMzhn5-r4SIZHkZ-UPq76Snfbsfvrux0
correction du devoir surveille 1,1GHUgFVnrjeLLtLGllQlImViQk4iN2qPIc28FNpoRAok
correction-inf152-ds-2007-2008.py,1uGiOFDCEbrJuy2AX_FGMEEQgMvk7_Kbf
corrige_ds_1_mpsi,1zPl8YgFN3unbaYCZB1jxC1kXU7ZUixbH
devoir surveille 1,1Cnf9FKzGTzhVvziBuvRrFU8iWTy5QKhk2NJpdqQDxIc
devoir surveille 2,1QITy8dIEl7EEwiI9DO-o6pGxi9D-NHBRgKHENqc_4Xc
devoir surveille 2,11DTWrARE0gj3VTTS0cDARu91CWgXfLx2wC6m5DY1tjo
ds 1,18e0OcI5jVuLJd6I4ZlSpia5hck-C1JmH
ds 2,1bBlwkt2rEE9rk8ycUzSubFX1yahi1Wd4
ds fonction python,1QviXMwlHN5Nw8Ki0U8FeAzCQAJTOHIEI
ds fonction python (2),1MhGVD0WZ5hjPmR_EiueSFdCyhchtiBvG
ds laayoun mpsi,1Jks6e18KtprylBnzUkIcF0GJY2mnl1Kz
ds laayoun mpsi (2),1ZMoUsDJSf1ZWCpwfESytCUkG0y7CVJqc
ds n2 tr2,1xBslwLZBU6ZOZoZfbmF3m6nS2cKbKALPT_CBs3kDSQY
ds n_4 mpsi 2014-listes,1Lwd0Fo8i75DZg6D4_Fv5QuzzMgo-oWpoDkP8CajIrno
ds n_4 mpsi 2014-listes,1ku0mNyL5y-gaQK5NK8QQjEBg1nYTL-cs
ds n_4 mpsi 2014-listes (2),1dfAnHwemKDqbqUUlBEORNFkO0Jf-V426
ds python 26_03-2014,1x_dZb2wWG0Fp8YY9h5LRDkr_q8rv0jv2
ds python 29_03-2014,16Jx4JPN04SLCWtyLZvzTYjqTK7lMxhQX
ds(cnc2012),1eR8OU-eP40SSQ9_tbeDaXunL9BqoRgp-
ds(cnc2012) (2),1S3xJi2FPIXSNKG8Re7adcInuosiJ5SEH
ds-info_1,13WJyDyUJs0s_RYpOvud5dtiKp3zb9BtA
ds-info_2,1ltcMzt17RcVh4MzlAxk8WJKs4ck4V2Ht
ds-python-mohammedia,18OmzUq9nXEIBswrQBL0n_j8tG1YRY5abIxANiaeqIKM
ds1-2010,1tq-7PjEPLsitN4t545V5y9xX6kCJRV7J
ds1-2010-corrige,179Zp8sHhctuB3txrLBXAQnJO6UfZJOWG
ds1-2012-corrige,1RpbgRZqYOUg5GvnaO9kJWvsoHpK3xc9m
ds1-2013-corrige,1QLYMUqiys9eYL_OrzWzBohX-LbAUWlkg
ds1-2013-sujet,1_oZqG6JxglHH3JOLvOO_LTpq-5f-9ysn
ds1-2014-corrige,1vu98i2EgpfcaJ6cOQPP2FqwFYjuglqEE
ds1-2014-sujet,1YqTTWZfPw1OfgchIf7abIPRiHmMi6yyn
ds1-ipt,1JX0n1Kf6tAjUIeLDOWq_lg-oy6yq8uZm
ds1_tr3,1VZJPn1LGi5UXCv0k3lUTI6E8evVPzAU5P7RJBF0qL9Q
ds1ereannee,1AN2jWP6_6r2TdBSDHj_m5R_xMZUOGxBkFQyGPSkAkXE
ds1ereannee (2),15dYXHkjh_s8zVGzzLkjmYuxNWsLgyFjEQbQs2Vts6uw
ds2-2011-corrige,16FMV-UOuyYrZBrikNADoCHtT1TSOTWTc
ds2-info-binaire-terminaison,1p8iI0rhFEcwR1PKawK6aXD_XGNEOGx4g
ds2_sup_mpsi3_prof_zbakh,1FQiec7PXLqBDDFlNkMiSmuX1nmNtsriM
ds2_sup_mpsi3_prof_zbakh (2),1d_e7ntlcQWtV66zDzPq7dRZrNqaYS39v
ds3,1fBxWsheOPVTgmaR91_vafmVuI1i9S0jB
ds_1_mpsi,1B2yef_FjS7sLORYpbsMIDp4WV2okxtPz
ds_cnc2012,1EmILnYocDQRqbGmgH6UOTzbSwepBgeK2
ds_n_5_sm2_tsi,1MdTte6yeNAjEnv5FKzl52s_mmqq5vHMq
dsinfo,1QOK2FHB6B1XN7sZ-Jgm9iq53fjMca7J_
dsmatrice,13_JC8BSsN5Am6KTZ9swP2JPupya_gCkpCLvIPElLub4
dst-2012-sujet,1JX3eU_tCkD6NnFAOBM0xd3hBZJeryoXg
dst-2013-corrige,1x8iKjxZPp2S5AjURS23440W2bGYbjkgx
dst-2013-sujet,1yIUwtDt6XoZbz3ApVoeoFY2EJ2s4MIIn
dst-2014-corrige,1QYbO543wLfMTKI63bgVmN3T_9VdByS3a
dst-2014-sujet,1N3Y2Cb2tORyd4tdENjt1ieMQUEkNNfr4
exercice gestion_employe_ar_corrige,1QuEIq2bxkwh5Z1Ip4lKG0qVaxf66p7Hr
exercice gestion_employe_ar_sujet_corrige,1yQn2rvdx_whWlTCAdkp_hlEMC97azdgI
exercice puf_ar,1BOrA4pI_K-QjYKEWNrZ0Z0sCVO8ca0ZV
exercice puf_ar_corrige,1CyfFdBoxeJi_WpkiErxpyscGW8LMdQpH
exercice_algebrerelationnelle_gestion-vol-corrige,1GX7xEj2nN3a4kHv27EiG1Wyt9jXMDJtb
exercice_algebrerelationnelle_gestion_vol-sujet,1BEjghjrI48ptCNDKFm-uj63KhnlyiKlR
exercice_gestion de panne_sujet,1Z55NJJt_nE1oIsbNUaCJQ9Xx0k9EVECj
exercices,1j3b3LdelgVv8lJV92sa10E5W2w2JLl4i
inf152-0809-s1-corrige,1_8-s0O9Zu5YSeafK6Bk7M7XD4zkpThrP
inf152-2007-2008-session1,1KSLC_qBjYqDKg09gofmFLcDg5ZeAfRoJ
inf152-2007-2008-session2,1eo_vj0VUEUSbQBNnB89ZLI2BedyVv-fM
inf152-ds-2007-2008,1UjsO_sh_7_p1O_DbhEMKS_mlPnxXp2sG
numpy-quickref_fr,1Jn_RzmUAFjuGFTmqGrv_hDFHFHf3dX_N
sup ds2,1kq7NOXIlH8kkPennKmVqk4D1-RlaIDbywH1bLHp6eko
td dictionnaire,11QyTdOJxxsBccbhYcmokNctV6GNQL-8D1uko6iFGUNc
tp_cesar_vigenere,1wh1NFkho_HXpzn-UOeQ8UUuhIxTQtK0q
