title,id
td-prehilbertien-1920-en,1p7w1yQ2wKerHiAE4szaw3zKOk9H4mHLq
2rev-ev-19-20-cor-2p-zip,12QwN7UXjXCySZj1xImnJahx9fQF4ME6J
td-reduction-cor,125LTWQJVIcT7oDDbgXIj5u-rMezNJeFt
td-var-1920-cor,130sp1XvdcrxJSn2zH2wtnorRB4-G5x9l
td-ssf-1920-cor,1SvFLX9zbWjTqr-QooVI7Vp4Zl40vV9iC
2rev-ev-19-20,1oI05s5ELy6idQkhRjtlqE3lu-goE5feb
td-intqlq-1920,1nF3_sUtiH48kd9_taunU4na5YzkeEFhE
td-caldiff-1920,1ZwzbUqs6v4Lkxu6jWUaw36ibursBSQgq
td-serient-1920-cor-1,1BTqlipcx0QJfXgZ8KkJfxwrTWxpoT3FL
td-serient-1920,1nrF2OHXOUmAcnwg9S4HaSXaq7mgwJOzo
td-probas-1920-cor,19iXLZYlB3DRVZMb0-y4O6vEzsiALxmmB
td-var-1920,1gXL9qqhuavmx4gJpfHQHs3ImIWyCOzm2
td-derint-1920-cor-1,1D4bt3UHatOcByzxkVRBL3Pp6Mi01plEQ
td-probas-1920,1x2eCh--yPTxywa6GK-xInSx8C-zYgUed
td-structures-cor-1,1QtmicqlTqoSzAI3WCT2IyKsCvg6zM3cJ
td-ssf-1920,11M5bZ9l_DdWRQbm7fqW0vl9oEQdo6LKz
td-serievn-1920-cor-1,1NY-ZzFx_zYziVFPq5S3XoMuUPNcTVdCn
td-derint-19-20,1GJY41ft10LT4IfDt_VgmubbStULUOUaN
td-serievn-1920,1mTpk1nq3nqBMYpZEIbhjvMHsJgwq06Ru
td-red1920,1IcKLTMYW3Fh1jayZ_DZBTQNXjvbSJPUZ
td-structure1920,1kJ1scH-xnFO6j79Xxd5YqNYeJWj168Ll
lucas,1W7vftZVbhWIZPE-S_rSxocGQchy9-mh3
polynomestchebychev,17wc_FJ_WqhUE3__iWLjplCmPpdyQ13q5
polynomesbernstein,12V8iDtYKLVIHk8wD4maGlIn_hcOygApd
polynomeslagrange,1qRuKq_nrcar8Vtaoe9h_reRaA47j-UkO
zetade2,1hsgifrjr_9_oJc-Uw_cewh5eFTLqFPqY
formuledestirling,1dvjQI3jDW4ULiWr-L1qxmH_xiToeuC8b
serieharmonique,1H9tOgIYB7zkQduFeo7g6pEc05vXTalKB
fonctionzetaderiemann,1uDJqJts4roHYeYMKEFix1g_a0JRCcUAX
int01lntsurtmoins1,1Ln7B3mcbHyxlbF2jPXhbCDFcMIq5yhxA
gamma,1BJEn9gFHSiSfk8CbE2fj6bdsauhRkiFs
integraledegauss,1q5Vgzymu0WyYgbub8xd28-n1JFHI5C3k
integralesdewallis,1W1YxfR1pzSUUTlxM-Mi195EXriu0lf3B
pb  loi faibe des grands nombres,1ZRGYPRrkklx_T4G41J7LLoP89iw4l0EG
pb  développement eulérien de zêta,1KCCmIlJfOGssCjhC_ZLSdCOQJS6ZJAQI
pb fonctions génératrices,176X3dVu0UTGvhLzlaMSTVihOXQYK6Aa4
pb fonctions génératrices des moments,1ytfxizLqxxhZKe4V-EjO0LMszMRXdZ9l
pb théorème de stone weierstrass,1wBigJ6ggwnZBUEAxpAy4yQAw1RU_jnjq
pb variables sous-gaussiennes,1D2fyuVvFtNTbzt1_syvwo_e1nZbYVNYp
pb autour des séries entières,1eP5xEIU6rCkMNlySR0BjxKABBzs9m3Jk
pb comparaison des modes de convergences,1yE0XTM5RH1ERLs-Nf95n2zfcAKQ5syV7
pb étude d'une série (2),1yontCkwXnPoATLqNegezruktywKJCUvY
pb étude d'une série,18lN_HrAoMYlaNlBh5XW0_f5I4Yy7Ww_k
pb théorème de stone weierstrass,17rCvamFtCZW2GLyj1XsMQ5cRq1YsbOMu
pb les fonctions zéta et zéta alternée de riemann,159LTtJJ5gbRTivdULM2dL1vE_wtnym24
pb les générateurs de groupe linéaire,1128QlFYW4xS-OP_hSf6ahjT2xHGDKKGB
pb l’ensemble des non inversibles de z;nz,1H8aUWXxm5VqhNYwwqvlUKO7VAp60UBpr
pb groupe des inversibles de z;nz,1FNWAtXYU2CBSbnasdwpBOUYCin3mG9lP
pb les sous-groupes de (r.+),1oIa20wksrp2FpCZx5WnPMp4Ou66X4f86
pb théorème de lagrange & applications,1_M5aa4jjygZTwUl514RJvU0GqNKCFAky
pb l’exposant d’un groupe,1jfItt85Snb5-gy2fV6pemsv12cFDiALZ
pb intégrale de gauss fonctions gamma et bêta d’euler,18VdYe0uiANvDPDs3_XvyPyDxpOBLOISP
pb échanges de limites et d’intégrales,1eAiQKqHRNiBq69VS8M3gvI3Q0IrNyQ_5
pb fonction digamma,1mwP-DJpzVC9p2t5Sekbj8vY0uesITH-L
pbs classiques de la topologie dans mn(k),1MnNbl89-O9jKRVygr5mg90Qsv19md7WW
pb normes subordonnées,1EfHdKxboEYiLiefJZXCtUgw1n_IcPPJ9
pb topologie d’une classe de similitude,1gpKqYgNgPx5UA6I-qCy41kuxw7BOAHQW
pb théorème de riesz,1r1fBW_kZFds0uwXfP7D7K72QgYdD6HEQ
pb formes linéaires continues distance à un hyperplan,1RJKQMYJYKvMkt7Sxwh92RANevN1dycnK
pb distance d’un point à une partie,1mq4zphOyugEyO3gqHRG4OdJ_tb9FScTe
pb fonctions continues et lipschitziennes & densité,1e-7AKofbAIKCUOZE9qM7gFKbtZ36kusD
pb polynômes d'hermite,1YgBig7959PNJ40ti9bL3hdshqDIhXg1K
pb polynômes de legendre,12ra1e__fmcKxHOeAfz4l01QRXGJGUhkq
pb théorèmes de stone weierstrass,1QqFlvgt2JxJPXNSNM1IBgJip60Cq38D9
pb connexité par arcs de son(r),1wUKzs-dft4PbcZEBHV9GRuuuHnBhV456
pb crochet de lie,1cEFxH7rgjxocb1GX53D0GdbR6HrlA_Lf
pb inégalité de hadamard,1PNBYfL-u_Dlhno-apkAyJwMjuPd8L9uM
pb développement eulérien de zéta,17EL5PSAfHXwbpfGpN1WetwjlbsSVTW-Y
pb série de newmann,17xr7wEbdwrYhjsuADL7UgCrAhYc7wUOF
pb produit de cauchy et zéta de riemann,16xoWcKzv6c7O2rzK93zLTV7Gc7OUJZup
pbs classiques de la sommabilité,1-1OdjdkolVMf51inY_VmHhIjMP_txnBr
pb formule de stirling,1V_0A3VJuoGceEjLy3_OipRTr7hZg5FGI
pb polynômes de bernoulli,1kjA6iH_TknB8LjIY_1cbafGNXNjHaIXK
pb produit de kronecker,1kUU_02S8w0SOwh5fKxCK5TSQ_ALJvDn2
pb décomposition de dunford & applications,1SKYRATHUK4RiLf2ul8VnSNTYyVBlgZNH
pb décomposition de frobenius,1gNu1PxJxK8iiwDWexyw2xx-oPLiL3d71
pb commutant d’un endomorphisme,1JDpgQnToNcWUL_WzXWjxrOpajqCWupSX
pb endomorphisme cyclique,1iJ5iH0ByIiny7Q75KQEtNLHAp_M3FFGZ
pb matrice stockastique,1kAVzq7Z4UAOlBBwwUDyPsaGudMmLZI6i
pb les matrices de rang 1,1xSM-4Eers4Nd9oL2fwbww3Hl85T3WpO3
pb déterminants classiques,1j6Y5u39feB8TXgnRK0HcnTNH0UeHcYbz
pb noyaux et images itérés,1fLdrwF7G8UV5meJYrHYC-puaZQpaWSDL
suites et séries de matrices exponentielle d'une matrice,1_XLFiyF6Ph9sUWb3Hk5THiEn5I-pF0_J
fonction digamma correction,1DB47n1LDZAFjih3Rw6pGC8nCe8adlr-M
séries trigonométriques correction,1ZvwPPl88OYBX0WATdt6CMktwAgChRC3M
fonction digamma ,1ODgjjj1lxrvgFAdGIadxc_fqDKWWPwZz
suites et séries de matrices exponentielle d'une matrice correction,1KReOgyrSOFjKHdnoINaZASnO0CxKEY6T
zéta et zéta alternée,1JX4YmN9B2e9NQPZkVaxlZtQuh-V_fJtk
polynômes de bernstein,1MNd6uxCJhi2aMXJwz09-nvjW39BcUZ7o
séries trigonométriques,1jjJVd0w97dCT38otQJ7of4DLZjc3712t
série de riemann alternée,1RDd2qXAAh6GuqgrKzz_rx3_8SCyyONmH
série de riemann alternée correction,1APVNyooHLEAvsHezpudR5tJGbydIelbI
série harmonique (autour de la constante d’euler),1BJkDNPa1ysJ2FRZzYBZNqD_rMy5I8yPz
série harmonique (autour de la constante d’euler) correction,19MNL8snniTXaIL__DEo1vt07HECsvs4x
formule de stirling,1Am0Kf1gtgbkee7-3iRsc3zzEJPeGsOAy
prob_m04ci1,1ddx3IO5lLmCMuVwsUMiNHCvRF8_Fpqfl
théorème d'abel correction,1lIK-OMyzNmaQMJVrhLixVsIEevAjyIH6
théorème d'abel,1i6m40rnXuWQ78CqglMnnVvarkMVVzCkJ
classique de la sommabilite sans corrigé,1_SW6u-5HOIQ3aRNd8K7fNPGCWJSbhwNR
suites de cauchy,1pvhJmU1Rg_jfEMLC8EMjstTUb641OolY
sommes et produits infinis suite récurrente suite arithmético-harmonique,1kA-xtFKNcwt17ALa7QH5aY-7a0QxD7-B
suite de fibonacci,1wJBCeDVkJrUwFTLWyySSmaGEN6_gWj85
suite de fibonacci correction,1meLack68bVwGPq3f9PWam4UvBfURplCJ
suites de cauchy correction,1yAXDb8XhiL9i3hgtbryNOcBSAaiqfS9r
algorithme de babylone correction,1YIvkM2FVJUTdgrrnBym5UBKTTLQLnv-k
sommes et produits infinis suite récurrente suite arithmético-harmonique correction,1ovKBhJ5KyIw9s50shq3WjSQMEgHWlCng
algorithme de babylone,1wdLJ-jida8sWTG1eJX7DY9qQ6tuT3oWg
théorème de césaro,14nLeYcFdfsztdl59_ChXZ0YK_gc27iuZ
matrice de permutation correction,1cyPK3uBTQ5s6y8hsP9KgLWKZhdwTM8gf
matrice productive,1LbNNcJKb509VzcvA8UUCPUzF2StlCNSl
matrice semblable à son inverse,1PSPOBX91bLgtMhwWVtjvW9LiZOX-EwVa
matrices magiques d'ordre 3,1OnnLq4sWgVS4VYlahdos0J88Ivs6o2vA
matrice de permutation,12w_2hqi-GwL1TQRJLXmi45hwWB3FiA2n
puissance d'une matrice,1D3CFHbfLuKGgrX4ogXGJPbToverjj0FM
hyperplans de mn(ik),1GBYt5EBYfX5CrHu3gilhQ8dqxHtQ1yFc
equation matricielle,1Kuoe29xiEdS5Su4GgCuUb72m83E1LYd9
déterminants classiques,1UkhirYu0AtkNc_TjXnjTtIIDVD4_DsVE
polynômes orthogonaux correction,1SYbUCkHcyXZiHx2vKVYR1gK5V3K12KqK
polynômes orthogonaux,1KYOnz1fmyQ25TiRc0GPAwjlZHA-xdQMp
determinant de gram correction,13CCPPB8SBV3gYl69g1Nsv667fMwZMNe-
determinant de gram,1RG95G2PEY4lM4VoEHEGm4jMnVvsSfBHq
décomposition de dunford correction,1B5awEtamKZ_kKb8E_fTpiB7HBv0L7maB
décomposition de dunford ,1O5LizoSiOJzWaGflZv_6hVaacQ2D-Nwu
matrices toutes-puissantes,1wO4UglFGXvhutiPQplpOXx6omoI02JdS
matrices toutes-puissantes correction,1KjFNwFW0O2m1BS_qm9R3CVDjB7_OEOd2
matrice compagnon,1MLfHiuFCdB4dj5zVdkN51LbWygJmF0TQ
matrice compagnon correction,14e2XopJDnJabPAs7F56PWv0FM1CWqzsg
matrice compagnon correction 2,1tOGu5bEfKFKB3gU6bnBgzZYjGHmSPgqh
réduction,1eaRLCV6WNNIbZv1FgJLRe59yHbMRuKPL
fonctions holomorphes,1OlX3NaabYjpYXV1nUtXajPFor9ljw6O3
equation differentielles matricielles,1wui5eZA5uGJ0WFIuXg_E5tcHPVFz9nN-
une equation differentielle d’ordre 2 a coefficients non constants,1WLJ4UABUYtAcJ7gDAka8LvRlTd2diCXa
equation differentielles matricielles correction,1oE4ZAuBt_k1wgatrDk7NS2mRrajUcAYa
une equation differentielle d’ordre 2 a coefficients non constants correction,1o7wca_P5wnvce0WWRgSP6F-FYG_UdiWN
equation et fonction de bessel correction,1xJsGvLL_xqdiB7dhsGIUgdzj7-scIp32
equation et fonction de bessel,1jvN5UF8exPa3LmVVthVD4uqYQ8zrRZyk
espaces monogènes,12LadF0zcPj33uQfiwQ2xt4XS1HBFPF3i
matrices de hilbert,1RxTP1nD_PaYoQQzE0n-nFdnvzTNzTV7W
projecteur orthogonaux correction,1RjVfZhzMZq45FFwNQnnKkscABTuwlE25
matrices de hilbert correction,1vCsVN6S0QSqxDsjj8bwtZiF02WscjpSr
projecteur orthogonaux,1DE5TFQSetQuZ2V-WMVuUWOo6cB7aVak-
anneau z sur nz correction,1OagWy7DRSJLjrKtWYfQzG3iDBfUbuxZ1
anneau z sur nz,1I5IqYpqlSe3Vi9zIABvqgrhS4RZ6DdJI
groupe infini dont les ´el´ements sont d’ordre fini,1wtS0C1zDGTAkBZgsW2rA73IDpBDCo2lK
idéaux de l(e) correction,1HHljkA9rQK8FkaUYU7sL9dtuywqTekE_
idéaux de l(e),1-KZMqeGdIY0Wd7OxyhEDSbwHn127i8WD
groupe infini dont les ´el´ements sont d’ordre fini correction,1U0yRqghbwWFGIiOw50zHBeleXjUAIELF
polynôme de laguerre correction,1gOHvRIE8BEIJ2rYper_JB9XvdAjWute8
polynôme de  hermite correction,1rowIYiXOMxUyv6_4IrWo7GPAIKl532H4
polynôme de laguerre ,1xukro7ajDey6dfD4aU7rB7Z3lxD9eMHk
polynôme d'interpolation de lagrange,10Jc9lXsvcZ64cM6sIoMcpzWhVpib3FC7
polynôme de  hermite,1sTbZ6ajzbVoVcxBYQO9N2ivGOuuJga1J
polynôme de bernoulli,1Y2wrx5WhKT09wDQ9TIoEoLQKEXxxNGdO
polynôme de bernoulli correction,1tbqYP5oYe2H-bUltbvD4eJjVelBOm7U7
polynôme d'interpolation de lagrange correction,1fEVCIMlO1MZu6zkxk20XW0bReNB7hNza
polynômes de tchebychev,1UVCFG-aFHk7fsp8WjsIpJij0eq7sbrP6
polynôme de legendre,1eRUYfBwfGdUzbA26zEucpEnzgbQo2wS_
polynômes de hilbert,1PV8gY3jsZRbIPRBsKV4onK2XA5kWnhhU
polynômes de bezout,1KPgD1-cR1rrXw1Wt6-JfxFt9vw29vUeu
transformation de laplace et intégrale de dirichlet,1lv5SqHLXu6pkB8fLuGMYzIx3k6SedYVS
transformation de laplace et intégrale de dirichlet correction,1lzKq32Tn5i-yR_UEF6jGnEyegBvX6TBQ
integrale de gauss,1X75cbZ6UR4c-jfCEHe6i-4QHR01qvlZz
integrale de gauss correction,1drK5C6pPPwlj3Xya1PlXF-I5ia91Rkih
intégrales de fresnel,1x7LLz_CDEiLfG0yS1ZpjlLJi8tGNoR7c
intégrales de fresnel correction,1GzKUyTZtTZRLNQ1a_MAe5CYZp8tOZATF
théorème de weierstrass,1MtTheMWU0CYRWReo_BEv3Uk9aaR1lJO9
théorème de weierstrass correction,1nt5496gtLKkKIKOUsW5hJztnmXo_Xf6-
théorème de darboux correction,1esTZh_41c7yEk4QB6SnBZ6d2VFauHzyM
nombres de liouville,18CHw-xNaRQt27BUcxFPHmZSTD2TiCgfV
théorème de darboux,1-gZiNYHObSPIUbK2ygvW1Y9ACxzrlsZF
nombres de liouville correction,1iUyU8xoHEXwWrhO33NfiIGtoTmdEYZEA
