title,id
fonctions_de_deux_variables_chapitre,18FsMgfYm4IWPqH1r2OkSCQE60VQQ78SR
variables_aleatoires_chapitre,1sIhlD2sCq2GoYfZRBypaY3QMmxuVkVQo
probabilites_chapitre,1K4lF7bP_2Cig5Xd2n-6NPfB72C7cJ5aN
denombrements_chapitre,1fQTDTJhbpm6tUplkjHaNJjE6jJry94EC
produit-vectoriel,1y0OVxhxhXLcRjpnU6cfSennw9qvf8FPQ
produit_scalaire_chapitre,1XynKQRgijZR2Od8Y6SFsNdFsDKRhiXn2
familles_sommables_chapitre,1Ftdc7uY80YYwHrMWRkELI9M7e4t9BP8l
developpement-decimal,1u3AN4C9_pzcPClR0uoAP6XMWiE8mZ94b
series_chapitre,1muX6GYDPwlzKeMNkRhXn5ll7Sk4Xmwjb
rectangles-trapezes,1nj0jdO0l5ts83cd5ZpL50i4Qs6f2EkLB
integration_chapitre,1FOZc1jFnq-zZg9zEVbNv1KyBJ25oyzlJ
determinants_chapitre,1hwor06ZGwWEL6-XSEUYVRfkvRWg148Re
groupe_symetrique_chapitre,11cAkZ2FeP-LA3KzIYJuiJQVMbrDI1LUO
matrices_chapitre,1q3EqRIdiFbWdAUWfu3CB6_oWxrTG0YQQ
dimensions_chapitre,15lVnh6OMiAJCAjaLTt6vbNvnydbTH6QS
espaces_vectoriels_chapitre,1qIy-G_D20CQrwkfk167gPbIQqKee_L8a
comparaison_fonctions_chapitre,1Lj7YinOFrA91hP0JNcslu0_K4W83yUfi
comparaison_suites_chapitre,1dwis5NjlgDTxAvLz87MxyB9PXVOeQZ9W
fractions_rationnelles_chapitre,1vJQKyohtjCXCZwGYDOIOttaqkX0M-nMF
polynomes_chapitre,1VWDwFHNQhuIAW3ofdFKH3YuwjDnc9PuT
matrices_chapitre,1iRr2Z6PxOOcGwGjwOEzEZxd2DOzubBdg
structures_chapitre,1H3_yY05etxE13Ysub-jOjBh8Zy0CG_7e
arithmetique_dans_z_chapitre,1z8lCK3SL-aeJf0YmbhAmRVVO87IHRx9-
fonctions_convexes_chapitre,1gBsm8C1_KzWs3j1L1I2HfT7qj_d3zz5b
derivation_chapitre,17NG7vVGKNZ5g2C_OFt3AmQJA1hFD8H_B
continuite_chapitre,1tHvO_RG5mgTVw-s011k14HdKaoBMnPCS
limites_de_fonctions_chapitre,1AE8w9Pc-BCDVIpNCyfKLpenCg6aZ4ccW
suites_chapitre,1rO4KfKGf7Q1ONipOIe2-iF2xz7bXyeUm
reels_chapitre,1zo9tQV-gRqbnTU0foWUcPBudvY3bOJOS
equadiff_chapitre,1SnOC2zVCXmKlzn8MD_shiLAYqbsME0rI
primitives_chapitre,1-ZcsFUeCHV4YQ3jNAUr2PYcw5pn_SzUm
complements_fonctions_chapitre,1e96ligaFHtOjdKOSNXCO2FLyqDIIzIz_
fonctions_de_reference_chapitre,1wdtWYpJkJywJZOjQzZZUXlILuTY5xo5W
complexes_chapitre,1sgWWDByZLoFZzvHpaRNmWfW2jirVxl8N
petits_systemes_lineaires_chapitre,1BSD7ZQVEMn7fiVbhwbTkpwwonxs5nZAS
inegalites_chapitre,1GFhDfsuheW6hRNmfEF3Duz1Y0VKrcZWo
sigma_binome_chapitre,1XA6SQXp32nt6tym52jv7vYEn1ZiW1L-R
trigonometrie_chapitre,10aBd_dktGR-bMOF0VCFw_Cdj83QVkH4l
ensembles_applications_chapitre,1wvvRND5ZHKlad_RO8x6gTrxMA9KLskQx
logique_chapitre,12aeeHSjNbwz4RbT9LyE1tj7pJJyznWFf
equadiff-5,1t3khTD9i21v9d9LzeipMp5LhHbXD6QJr
holomorphe-1,1e3SW5LIf_Serjemi02fxmy_LPl2ejAJO
var,1G6bATAm67ZZxE4SYutWxgEdbMWeu5c8d
intqlq-5,1PRyhEtUDZh4an4AvqN099LQhNkX9eOEY
preh-euc-3,1xlDJ5aC1lWbRvAX5w91Jk1nnvi32fNS0
suit-ser-fonct,1Nf-FWqWk95SgEO43vViY1N-eFB-eBaIm
intseg-3,1rEAN5bxUM4uLDyzJYR1DTyivzpsK5VaS
calculdiff-4,1T4yZtpbILb19K8LeR8gOA9UTtGugl6pQ
series-entieres-4,1EnMIJJe7moXmUwvgKnWeoY_IaEuUiFfc
conv-var,1V-nQLIsmVS_teP9YxtHMwF-C5w6hfut2
famille-sommable,1yhEyXJxdei_i77HJBxeINmNoVwi_dPhL
structure-9,1xR_-itTts9hSGdEej8R3aHJfH6wOi5CQ
series-evn-4,100okNQ1ZfvuXPCUfDOfghtP9WBMNxWHI
evn-9,1b0Mg-aums9zSNgn9KJWTfuw5-K0GFzPF
serinum-3,1UHqB0_L6pro0TAAlYn9tSlOLi-yGUwSv
reduction,1erNd-Jo6QWm0WQENj4LCUnWLJ-kMAcUF
deriva-vect-3,1CJkkV2sXHAGtOlz3410SDRJ8-drPJUDi