title,id
td 16 corrigé - liaisons - schéma cinématique,1ytLy8zzmGWOrHaGLfDlUwezsTcJ9OQ1f
td02_cin_-_tendeur_courroie_corrige,1Y1OxgiWJFjdghfpT3nI_t4dWc5oJLiqh
td3_cinématique du solide,1RTMI43UXwlg1rsB3yd6PyFap3o72o56Z
td2_cinématique du solide,1R1g7yZyV0hwrOQYSw5qHe_QCByu00-t4
td1_cinématique du solide,1ebstjHXEY5q2z3T7kWsq2ylnvsIso1ak
td1_cinématique du point,1nNCF4XkhThARwnYC5C6pv3NBSJ0Qx7Hv
td1_cinématique chaînes fermées,1EpHKuc7nxdgg802k4UHjy-kntZSPoJIA
td_outils utiles en mécanique,1vbyIFOg0S-8BQxKny_vGFQisuHRKC3iZ
td1_dérivée vectorielle,1a_dMZ_b-dbc3jQYAik7vmDEciKw5bXjk
td2_stabilité,marges,1Bu2YnGG8fVn9fUl0oQoMdQg2h6FQXZdv
td1_correction par anticipation,1ikYuD3QBKtxCzkUuCQE5LwYLqSfIHWA2
td2_correcteur à avance de phase,1LAGq8UA3a3D0BiNMX8u7gvlYfUVPvi3U
td1_réponses à des entrées composées,1M7adsNP3UcCg10maVLHJcLzkjtEe6qhX
td3_identification d'un deuxième ordre,151xbSWBIyJo3VP6Tiy34Ocw1slR2n18w
td2_réponse d'un premier orrdre,1Glc6CEi0kHPyEnu2sjqWyaaWT7xLszxC
td1_produit de deux premiers ordres,161QmVTZ-75PskLgxf89k7l-2IGQlbOxF
td5_reconnaissance de forme (5 variables),11yxxBIDS6a032sPSqovpGfiZ379TJjHe
td4_reconnaissance de forme simplifié 4 variables,1w-wINRv1nkjLMigNzFMqRsWNBaXteyCi
td3_système combinatoire_comparateur de 2 bits,1hlLWFPYSedUm4sRnzaJNPiHZ1zdicSBX
td2_système combinatoire_distributeur de boisson,13uRhgGhPQCQbng4c-HHiQwdtP35q5Avl
td1_système combinatoire_afficheur hexadecimal,1W1a5bsQb81GH8UiA2lb_bcLi6Vh9COPE
td3_elévateur télescopique,1BRBL5K-FGOE2FZeZwdsUcAL5XYG1cQH7
td1_pompes à pistons axiaux,1A_xWyuBUIIesDGDjGMl4Kfleu4I4IVCi
td_automatique_le point d'équilibre ou d'étude,1Q9V6Y2PHebw4c8zjQ580DB9PY7tnW0Ba
problème 1,1Wu5NfPmnX-BXt85Wyp87aE8LlTydfLq-
problème 1_corrigé,13p2iDpSFJSxCmU_VUmQ6rKZkZ0ryNtdc
sujet 1_ etude d'un montage de roulement,12RMuZ4Lh9AU3rLuf2ZWn0e75G9NxI74C
td1_balance gyroscopique de kelvin,1N3od_U6C0_w0eMX2ttR0DDwRUdvd_8W2
td2_actions mécaniques,1XPTgDVztyfuAfmPBo8OXtog72vWDDexO
td1_centre d'inertie, aire volume,1QVFoGj1UtJ66gqd8hgwrmm70u1aywNvh
td1_séquentiel-grafcet_chronogramme et synchronisation,1SoA-BZpx82zT0rkWlyNH7W19rMtQIzBl