title,id
systèmes linéaires continus invariants_5,1ATRSH4HxPqukvcqX13t_cA0itl2sCvni
systèmes linéaires continus invariants_3,19XCAxHp8SVZZsNKSn9QShiMIn5fNPKSF
systèmes linéaires continus invariants_4,1jgOXgSNWUlKNnC-NOMzFGu4YlNs0BSNr
systèmes linéaires continus invariants_2,1pYjCjauEsGTNlsyzaKp2ueypb0rAj8qX
systèmes linéaires continus invariants,1LqEr7KXTRwWV_W0wilrCb9WrNp_Z4I-V
calcul vectoriel,1WTKb18X8yHNMoh4NgDc1rOmr3hfFuG3G
dérivée vectorielle,18s1ybmk6FOPIHraAVrpBZeTuE3YCD0l6
associations de liaisons,1SHcPmkd8K-G1QBKTramVs_CxcH8YOz1G
liaisons normalisées entre solides,11r4-bZyDjItcFMb9_vXuoUSN_BX2u0Lo
modélisation cinématique des chaines solides,1_xvtpRs7XBMd9NH3RzqY3dFdBTGIXV-m
cours 04 - modélisation cinématique des liaisons,1i2WkIQ1jO90L-3P-bhB6NYy7Vs6wWbSR
cinématique plane du solide_2,1KLuiEpFnZvmAGgNtZc0Q7nXVmS-zLkeh
cinématique plane du solide,1EatOgMy32XJpwb_35uncU0x1AjCYzuy9
cinématique du solide indéformable,1N8PtCpwNPlYnatErNAwNjIzM-7vIrxbD
cinématique du point,1QsRDelq_0T0Wbwr6Xw45FYfJJCWY6uIr
analyse cinématique d'un mécanisme,1IduWRp4vCpcb8ZeUBtXaJmNgBVL_p7i1
signaux d'entrée et de sortie de systèmes,1B2Qh9iBIvjCMObGKDMIXiK6ogOPqTjKO
les systèmes automatisés,1wsFD0KCQToxzTEmp-k5EhsvXWs7offWG
exemples de cahiers des charges fonctionnelles,1NTC0FRfyfEAaNlrg1r34a0ya9G21sv1f
les outils de l'analyse fonctionnelle,1c2wvu_rrG4clAN6iETLP8_uC-9Tm9A1i
approches systèmes,1DhL5HcybEVTrruXcjBUZUbqfEM-XFeWG
circuits logiques_2,1QX0MfxpG5QT42bxHTzdUtd5vI0mPptwG
circuits logiques,1FPV8xF_zIKT7HZ_BoPzYs0kxhibSqqCP
circuits logiques_3,1vB4xJBxnw3MMRQ79Bj3j63QHQvwXtDFj
dynamique d'un système en rotation_equilibrage,1m0uyoXQj5B0cle6d8RYCdnPSjlO6TX-P
dynamique des solides,1-F59ShEAVJT4OLKL1629ldOhUQWekr74
systèmes séquentiels,1jSYoQFNAkCKlJOU3G79pzhmgqpkHxSvy
statique des solides,1ueh_eGKTzTiRkvE1cWt7P8aUPcea9glt
automatique_transformée de laplace_2,1pA1EowGrP45gswKPmCh9uiW0RcuyPVNx
automatique_transformée de laplace,1aLq_ahCH155J25uUoHhJDtJJnH_oVN_g
automatique_introduction_2,1f14lAHDXfKTu3gqGjO_jGZ0l5VFJiz1x
automatique_introduction,17kSiqvyksqPslfZV3KS18qperOYh9gSB
etude des chaines fermées_2,19zFHbE8gDjIdji1TqNtJhnvYpLoahOzq
etude des chaines fermées,1jfGpLTF6P1AkqdDv7AedZk1wIHmgv62k
energétique,17BKzS3VyyK4rpZ0K_ALAwW86PIVjkcW5
cinétique des systèmes matériels,1DSQ2eYoZB977ogDTXKaLtcpdApQ3R9SZ
torseurs,1wz6ZlXzgZIGVunAnnFIE4DN7ZWoH9Nwz
numeration et codage et logique combinatoire,1aZH81PIKoXj0aFfBHnJMTQmdXtA_4N2d
modélisation des actions mécaniques,1l8Dg0PrloYe2TaHOUKbpl2TEykCk9ysN
loi entrée sortie,1Jm8WcQ0xaiweW6QofboN5PerYqsogyX1
geometrie des masses,1pKEOEtno7dUe_oJjOBl1OjcuhLGx0Z6V
dynamique du solide,1zidhHTspkVoqK38NHj8xgV6dClwbD5oQ
cinématique des solides indéformables,1VbPn4goby6fR7WNFePD95_0b-BJFQ8ZD
asservissrment,1FhVlAaq-1F1C8EJF2c7wFs7BYhwTUyKm
théorème de l'energie cinétique,1Q4LoC_rJz5pKYG38QJ0iBR2XRewDttTG
equilibrage des rotors,1qpMbUkLXcGATgFqa8N6yT68VzORgEZ40
résolution analytique des problèmes de statique,1vPh_4xy4mPZEmwj3VbrxAdrrtlqI5lFT
mécanisme,1KI-MosYEcdw3lUi9C3VgieyX01Zy0yMM
sysml,11qpSnCFNeASZrD25vK3M-z8d7HXsBjvj
les engrenages,1RDO9RfCT4Fw8JwvNAxE6XxmdXMfhnL76
cinématique graphique plane,1f7HOseOfeiWtaA3juRUJ7EPFTqMt-JoI
cinetique,1QEVjEQ2n_vU2hhQRhbcmeXxtcW-PJwof
cinématique du contact ponctuelle,1KhFG8-x36QxPjGDSWPgC1cWaarPKX5_8